<?xml version="1.0" encoding="UTF-8"?><?xml-stylesheet type='text/xsl' href='_UpgradeReport_Files/UpgradeReport.xslt'?><UpgradeLog>
<Properties><Property Name="Solution" Value="HomeOccupationZoningComplience">
</Property><Property Name="Solution File" Value="C:\Users\Monroe\Dropbox\CSC 289\CSC289 Shared\Mock Up Files\TownOfAberdeen\HomeOccupationZoningComplience\HomeOccupationZoningComplience.sln">
</Property><Property Name="User Options File" Value="C:\Users\Monroe\Dropbox\CSC 289\CSC289 Shared\Mock Up Files\TownOfAberdeen\HomeOccupationZoningComplience\HomeOccupationZoningComplience.suo">
</Property><Property Name="Date" Value="Thursday, January 26, 2012">
</Property><Property Name="Time" Value="12:05 PM">
</Property></Properties><Event ErrorLevel="0" Project="" Source="HomeOccupationZoningComplience.sln" Description="File successfully backed up as C:\Users\Monroe\Dropbox\CSC 289\CSC289 Shared\Mock Up Files\TownOfAberdeen\HomeOccupationZoningComplience\Backup\HomeOccupationZoningComplience.sln">
</Event><Event ErrorLevel="0" Project="" Source="HomeOccupationZoningComplience.suo" Description="File successfully backed up as C:\Users\Monroe\Dropbox\CSC 289\CSC289 Shared\Mock Up Files\TownOfAberdeen\HomeOccupationZoningComplience\Backup\HomeOccupationZoningComplience.suo">
</Event><Event ErrorLevel="0" Project="HomeOccupationZoningComplience" Source="HomeOccupationZoningComplience\HomeOccupationZoningComplience.csproj" Description="Project file successfully backed up as C:\Users\Monroe\Dropbox\CSC 289\CSC289 Shared\Mock Up Files\TownOfAberdeen\HomeOccupationZoningComplience\Backup\HomeOccupationZoningComplience\HomeOccupationZoningComplience.csproj">
</Event><Event ErrorLevel="0" Project="HomeOccupationZoningComplience" Source="HomeOccupationZoningComplience\Form1.cs" Description="File successfully backed up as C:\Users\Monroe\Dropbox\CSC 289\CSC289 Shared\Mock Up Files\TownOfAberdeen\HomeOccupationZoningComplience\Backup\HomeOccupationZoningComplience\Form1.cs">
</Event><Event ErrorLevel="0" Project="HomeOccupationZoningComplience" Source="HomeOccupationZoningComplience\Form1.Designer.cs" Description="File successfully backed up as C:\Users\Monroe\Dropbox\CSC 289\CSC289 Shared\Mock Up Files\TownOfAberdeen\HomeOccupationZoningComplience\Backup\HomeOccupationZoningComplience\Form1.Designer.cs">
</Event><Event ErrorLevel="0" Project="HomeOccupationZoningComplience" Source="HomeOccupationZoningComplience\Program.cs" Description="File successfully backed up as C:\Users\Monroe\Dropbox\CSC 289\CSC289 Shared\Mock Up Files\TownOfAberdeen\HomeOccupationZoningComplience\Backup\HomeOccupationZoningComplience\Program.cs">
</Event><Event ErrorLevel="0" Project="HomeOccupationZoningComplience" Source="HomeOccupationZoningComplience\Properties\AssemblyInfo.cs" Description="File successfully backed up as C:\Users\Monroe\Dropbox\CSC 289\CSC289 Shared\Mock Up Files\TownOfAberdeen\HomeOccupationZoningComplience\Backup\HomeOccupationZoningComplience\Properties\AssemblyInfo.cs">
</Event><Event ErrorLevel="0" Project="HomeOccupationZoningComplience" Source="HomeOccupationZoningComplience\Properties\Resources.Designer.cs" Description="File successfully backed up as C:\Users\Monroe\Dropbox\CSC 289\CSC289 Shared\Mock Up Files\TownOfAberdeen\HomeOccupationZoningComplience\Backup\HomeOccupationZoningComplience\Properties\Resources.Designer.cs">
</Event><Event ErrorLevel="0" Project="HomeOccupationZoningComplience" Source="HomeOccupationZoningComplience\Properties\Settings.Designer.cs" Description="File successfully backed up as C:\Users\Monroe\Dropbox\CSC 289\CSC289 Shared\Mock Up Files\TownOfAberdeen\HomeOccupationZoningComplience\Backup\HomeOccupationZoningComplience\Properties\Settings.Designer.cs">
</Event><Event ErrorLevel="0" Project="HomeOccupationZoningComplience" Source="HomeOccupationZoningComplience\Properties\Settings.settings" Description="File successfully backed up as C:\Users\Monroe\Dropbox\CSC 289\CSC289 Shared\Mock Up Files\TownOfAberdeen\HomeOccupationZoningComplience\Backup\HomeOccupationZoningComplience\Properties\Settings.settings">
</Event><Event ErrorLevel="0" Project="HomeOccupationZoningComplience" Source="HomeOccupationZoningComplience\Form1.resx" Description="File successfully backed up as C:\Users\Monroe\Dropbox\CSC 289\CSC289 Shared\Mock Up Files\TownOfAberdeen\HomeOccupationZoningComplience\Backup\HomeOccupationZoningComplience\Form1.resx">
</Event><Event ErrorLevel="0" Project="HomeOccupationZoningComplience" Source="HomeOccupationZoningComplience\Properties\Resources.resx" Description="File successfully backed up as C:\Users\Monroe\Dropbox\CSC 289\CSC289 Shared\Mock Up Files\TownOfAberdeen\HomeOccupationZoningComplience\Backup\HomeOccupationZoningComplience\Properties\Resources.resx">
</Event><Event ErrorLevel="0" Project="HomeOccupationZoningComplience" Source="HomeOccupationZoningComplience\HomeOccupationZoningComplience.csproj" Description="Project converted successfully">
</Event><Event ErrorLevel="3" Project="HomeOccupationZoningComplience" Source="HomeOccupationZoningComplience\HomeOccupationZoningComplience.csproj" Description="Converted">
</Event><Event ErrorLevel="0" Project="" Source="HomeOccupationZoningComplience.sln" Description="Solution converted successfully">
</Event><Event ErrorLevel="3" Project="" Source="HomeOccupationZoningComplience.sln" Description="Converted">
</Event><Event ErrorLevel="0" Project="HomeOccupationZoningComplience" Source="HomeOccupationZoningComplience\HomeOccupationZoningComplience.csproj" Description="Scan complete: Upgrade not required for project files.">
</Event></UpgradeLog>